{
	"credit": "Made with Blockbench",
	"textures": {
		"0": "item/choco_ohlad",
		"particle": "item/choco_ohlad"
	},
	"elements": [
		{
			"from": [4, 2, 4],
			"to": [12, 10, 12],
			"faces": {
				"north": {"uv": [6, 2, 8, 4], "texture": "#0"},
				"east": {"uv": [4, 2, 6, 4], "texture": "#0"},
				"south": {"uv": [2, 2, 4, 4], "texture": "#0"},
				"west": {"uv": [0, 2, 2, 4], "texture": "#0"},
				"up": {"uv": [2, 0, 4, 2], "texture": "#0"},
				"down": {"uv": [4, 0, 6, 2], "texture": "#0"}
			}
		}
	],
	"display": {
		"thirdperson_righthand": {
			"translation": [0, -1, -2],
			"scale": [0.5, 0.5, 0.5]
		},
		"thirdperson_lefthand": {
			"translation": [0, -1, -2],
			"scale": [0.5, 0.5, 0.5]
		},
		"ground": {
			"scale": [0.5, 0.5, 0.5]
		},
		"gui": {
			"rotation": [16, 32, 0],
			"translation": [0, 2, 0]
		},
		"head": {
			"translation": [0, 3.25, 0],
			"scale": [2, 2, 2]
		},
		"fixed": {
			"translation": [0, 1.5, 0]
		}
	}
}