{
	"credit": "Made with Blockbench",
	"textures": {
		"1": "item/emerald_block",
		"2": "item/gold_block",
		"3": "item/cherry_log",
		"particle": "item/cherry_log"
	},
	"elements": [
		{
			"from": [7, 1, 7],
			"to": [9, 15, 9],
			"rotation": {"angle": 0, "axis": "x", "origin": [8, 1, 9]},
			"faces": {
				"north": {"uv": [0, 0, 3, 16], "texture": "#3"},
				"east": {"uv": [0, 0, 3, 16], "texture": "#3"},
				"south": {"uv": [0, 0, 3, 16], "texture": "#3"},
				"west": {"uv": [0, 0, 3, 16], "texture": "#3"},
				"up": {"uv": [0, 0, 3, 5], "texture": "#3"},
				"down": {"uv": [0, 0, 3, 5], "texture": "#3"}
			}
		},
		{
			"from": [7, 14.5, 5],
			"to": [9, 18.5, 7],
			"rotation": {"angle": 22.5, "axis": "x", "origin": [8, 8, 9]},
			"faces": {
				"north": {"uv": [0, 0, 16, 16], "texture": "#2"},
				"east": {"uv": [0, 0, 16, 16], "texture": "#2"},
				"south": {"uv": [0, 0, 16, 16], "texture": "#2"},
				"west": {"uv": [0, 0, 16, 16], "texture": "#2"},
				"up": {"uv": [0, 0, 16, 13], "texture": "#2"},
				"down": {"uv": [0, 0, 16, 13], "texture": "#2"}
			}
		},
		{
			"from": [7, 15, 9],
			"to": [9, 19, 11],
			"rotation": {"angle": -22.5, "axis": "x", "origin": [8, 8, 9]},
			"faces": {
				"north": {"uv": [0, 0, 16, 16], "texture": "#2"},
				"east": {"uv": [0, 0, 16, 16], "texture": "#2"},
				"south": {"uv": [0, 0, 16, 16], "texture": "#2"},
				"west": {"uv": [0, 0, 16, 16], "texture": "#2"},
				"up": {"uv": [0, 0, 16, 13], "texture": "#2"},
				"down": {"uv": [0, 0, 16, 13], "texture": "#2"}
			}
		},
		{
			"from": [8, 15, 7],
			"to": [10, 19, 9],
			"rotation": {"angle": 22.5, "axis": "z", "origin": [8, 11, 9]},
			"faces": {
				"north": {"uv": [0, 0, 16, 16], "texture": "#2"},
				"east": {"uv": [0, 0, 16, 16], "texture": "#2"},
				"south": {"uv": [0, 0, 16, 16], "texture": "#2"},
				"west": {"uv": [0, 0, 16, 16], "texture": "#2"},
				"up": {"uv": [0, 0, 16, 13], "rotation": 270, "texture": "#2"},
				"down": {"uv": [0, 0, 16, 13], "rotation": 90, "texture": "#2"}
			}
		},
		{
			"from": [6, 15, 7],
			"to": [8, 19, 9],
			"rotation": {"angle": -22.5, "axis": "z", "origin": [8, 11, 9]},
			"faces": {
				"north": {"uv": [0, 0, 16, 16], "texture": "#2"},
				"east": {"uv": [0, 0, 16, 16], "texture": "#2"},
				"south": {"uv": [0, 0, 16, 16], "texture": "#2"},
				"west": {"uv": [0, 0, 16, 16], "texture": "#2"},
				"up": {"uv": [0, 0, 16, 13], "rotation": 270, "texture": "#2"},
				"down": {"uv": [0, 0, 16, 13], "rotation": 90, "texture": "#2"}
			}
		},
		{
			"from": [6.75, 0, 6.75],
			"to": [9.25, 2.5, 9.25],
			"rotation": {"angle": 0, "axis": "z", "origin": [8, 3, 8]},
			"faces": {
				"north": {"uv": [0, 0, 16, 16], "texture": "#2"},
				"east": {"uv": [0, 0, 16, 16], "texture": "#2"},
				"south": {"uv": [0, 0, 16, 16], "texture": "#2"},
				"west": {"uv": [0, 0, 16, 16], "texture": "#2"},
				"up": {"uv": [0, 0, 16, 13], "rotation": 270, "texture": "#2"},
				"down": {"uv": [0, 0, 16, 13], "rotation": 90, "texture": "#2"}
			}
		},
		{
			"from": [6, 18, 6],
			"to": [10, 22, 10],
			"rotation": {"angle": 0, "axis": "y", "origin": [0, 5, 0]},
			"faces": {
				"north": {"uv": [0, 0, 16, 16], "texture": "#1"},
				"east": {"uv": [0, 0, 16, 16], "texture": "#1"},
				"south": {"uv": [0, 0, 16, 16], "texture": "#1"},
				"west": {"uv": [0, 0, 16, 16], "texture": "#1"},
				"up": {"uv": [0, 0, 16, 16], "texture": "#1"},
				"down": {"uv": [0, 0, 16, 16], "texture": "#1"}
			}
		}
	],
	"display": {
		"ground": {
			"rotation": [90, 0, 0]
		},
		"gui": {
			"rotation": [50, 0, -30],
			"translation": [-1.75, -2, 0]
		},
		"fixed": {
			"rotation": [-90, 0, -1],
			"translation": [0, 0, -14.75],
			"scale": [2, 2, 2]
		}
	}
}