{
 "parent": "item/handheld",
 "textures": {
 "layer0": "item/carrot_on_a_stick"
 },
 
 "overrides": [
 	{"predicate": {"custom_model_data":106}, "model": "item/mech"},
 	{"predicate": {"custom_model_data":108}, "model": "item/detector/1"},
 	{"predicate": {"custom_model_data":110}, "model": "item/detector/2"},
	{"predicate": {"custom_model_data":112}, "model": "item/3ver_chip"},
    {"predicate": { "custom_model_data": 113 },"model": "item/posoh_emerald_kingdom"},
    {"predicate": { "custom_model_data": 114 }, "model": "item/nasos"},
	{"predicate": { "custom_model_data": 204 }, "model": "item/choco/strawberry"},
	{"predicate": { "custom_model_data": 205 }, "model": "item/choco/peppery"},
	{"predicate": { "custom_model_data": 206 }, "model": "item/choco/honey"},
	{"predicate": { "custom_model_data": 207 }, "model": "item/choco/cold"}
 ]
}