{
	"credit": "Made with Blockbench",
	"textures": {
		"0": "item/copper_block",
		"2": "item/iron_block",
		"particle": "item/copper_block"
	},
	"elements": [
		{
			"from": [6, 11.5, 6],
			"to": [10, 12.5, 10],
			"faces": {
				"north": {"uv": [0, 5, 16, 8], "texture": "#0"},
				"east": {"uv": [0, 5, 16, 8], "texture": "#0"},
				"south": {"uv": [0, 5, 16, 8], "texture": "#0"},
				"west": {"uv": [0, 5, 16, 8], "texture": "#0"},
				"up": {"uv": [0, 0, 16, 16], "texture": "#0"},
				"down": {"uv": [0, 0, 16, 16], "texture": "#0"}
			}
		},
		{
			"from": [5.75, 0, 5.75],
			"to": [10.25, 12, 10.25],
			"faces": {
				"north": {"uv": [0, 0, 16, 16], "texture": "#2"},
				"east": {"uv": [0, 0, 16, 16], "texture": "#2"},
				"south": {"uv": [0, 0, 16, 16], "texture": "#2"},
				"west": {"uv": [0, 0, 16, 16], "texture": "#2"},
				"up": {"uv": [0, 0, 16, 16], "texture": "#2"},
				"down": {"uv": [0, 0, 16, 16], "texture": "#2"}
			}
		}
	],
	"display": {
		"thirdperson_righthand": {
			"rotation": [-90, 0, 0],
			"translation": [0, -2, 4.25],
			"scale": [1.1, 1.1, 1.1]
		},
		"thirdperson_lefthand": {
			"rotation": [-90, 0, 0],
			"translation": [0, -2, 4.25],
			"scale": [1.1, 1.1, 1.1]
		},
		"firstperson_righthand": {
			"rotation": [-120, 0, 0]
		},
		"firstperson_lefthand": {
			"rotation": [-120, 0, 0],
			"scale": [0, 1, 1]
		},
		"ground": {
			"rotation": [90, 0, 0],
			"scale": [1.25, 1.25, 1.25]
		},
		"gui": {
			"rotation": [50, 0, -30],
			"translation": [1.25, 1.25, 0]
		},
		"fixed": {
			"rotation": [-90, 0, 0],
			"translation": [0, 0, -17],
			"scale": [2.25, 2.25, 2.25]
		}
	}
}