{
	"credit": "Created by Mickey Joe Alpha - http://YouTube.com/@MushirMickeyJoe",
	"texture_size": [32, 32],
	"textures": {
		"1": "item/netherite_drill_two2",
		"particle": "item/netherite_drill2"
	},
	"elements": [
		{
			"from": [11, 10, 5.5],
			"to": [19, 14, 10.5],
			"faces": {
				"north": {"uv": [2.5, 2.5, 6.5, 4.5], "texture": "#particle"},
				"east": {"uv": [0, 2.5, 2.5, 4.5], "texture": "#particle"},
				"south": {"uv": [9, 2.5, 13, 4.5], "texture": "#particle"},
				"west": {"uv": [6.5, 2.5, 9, 4.5], "texture": "#particle"},
				"up": {"uv": [6.5, 2.5, 2.5, 0], "texture": "#particle"},
				"down": {"uv": [10.5, 0, 6.5, 2.5], "texture": "#particle"}
			}
		},
		{
			"from": [11, 1, 6.5],
			"to": [17, 4, 9.5],
			"faces": {
				"north": {"uv": [3.5, 6.5, 6.5, 8], "texture": "#particle"},
				"east": {"uv": [2, 6.5, 3.5, 8], "texture": "#particle"},
				"south": {"uv": [8, 6.5, 11, 8], "texture": "#particle"},
				"west": {"uv": [6.5, 6.5, 8, 8], "texture": "#particle"},
				"up": {"uv": [6.5, 6.5, 3.5, 5], "texture": "#particle"},
				"down": {"uv": [9.5, 5, 6.5, 6.5], "texture": "#particle"}
			}
		},
		{
			"from": [12, 4, 7.5],
			"to": [16, 9, 8.5],
			"faces": {
				"north": {"uv": [2, 5, 0, 7.5], "texture": "#particle"},
				"east": {"uv": [1.5, 5, 2, 7.5], "texture": "#particle"},
				"south": {"uv": [0, 5, 2, 7.5], "texture": "#particle"},
				"west": {"uv": [0, 5, 0.5, 7.5], "texture": "#particle"}
			}
		},
		{
			"from": [9, 9, 6.5],
			"to": [18, 15, 9.5],
			"faces": {
				"north": {"uv": [1.5, 9.5, 6, 12.5], "texture": "#particle"},
				"east": {"uv": [0, 9.5, 1.5, 12.5], "texture": "#particle"},
				"south": {"uv": [7.5, 9.5, 12, 12.5], "texture": "#particle"},
				"west": {"uv": [6, 9.5, 7.5, 12.5], "texture": "#particle"},
				"up": {"uv": [6, 9.5, 1.5, 8], "texture": "#particle"},
				"down": {"uv": [10.5, 8, 6, 9.5], "texture": "#particle"}
			}
		},
		{
			"from": [4, 8.5, 4.5],
			"to": [9, 15.5, 11.5],
			"rotation": {"angle": 0, "axis": "y", "origin": [4, 12, 8]},
			"faces": {
				"north": {"uv": [3.5, 4.5, 6, 8], "texture": "#1"},
				"east": {"uv": [0, 4.625, 3.375, 8], "texture": "#1"},
				"south": {"uv": [9.5, 4.5, 12, 8], "texture": "#1"},
				"west": {"uv": [6, 4.5, 9.5, 8], "texture": "#1"},
				"up": {"uv": [6, 4.5, 3.5, 1], "texture": "#1"},
				"down": {"uv": [8.5, 1, 6, 4.5], "texture": "#1"}
			}
		},
		{
			"from": [-1, 12, 3.5],
			"to": [4, 12, 12.5],
			"rotation": {"angle": 45, "axis": "x", "origin": [4, 12, 8]},
			"faces": {
				"north": {"uv": [2, 3, 2, 3], "texture": "#1"},
				"east": {"uv": [0, 0, 0, 0], "texture": "#1"},
				"south": {"uv": [0, 0, 0, 0], "texture": "#1"},
				"west": {"uv": [0, 0, 0, 0], "texture": "#1"},
				"up": {"uv": [0, 4.5, 2.5, 0], "texture": "#1"},
				"down": {"uv": [0, 0, 2.5, 4.5], "texture": "#1"}
			}
		},
		{
			"from": [-1, 7.5, 8],
			"to": [4, 16.5, 8],
			"rotation": {"angle": 45, "axis": "x", "origin": [4, 12, 8]},
			"faces": {
				"north": {"uv": [8.5, 4.5, 11, 0], "texture": "#1"},
				"south": {"uv": [0, 4.5, 2.5, 0], "texture": "#1"}
			}
		}
	],
	"gui_light": "front",
	"display": {
		"thirdperson_righthand": {
			"rotation": [-90, -90, -90],
			"translation": [0, -0.65, -3.25],
			"scale": [0.9, 0.9, 0.9]
		},
		"thirdperson_lefthand": {
			"rotation": [-90, 90, 90],
			"translation": [0, -0.65, -3.25],
			"scale": [0.9, 0.9, 0.9]
		},
		"firstperson_righthand": {
			"rotation": [-90, -90, -100],
			"translation": [2.38, 2.2, -1.37],
			"scale": [0.68, 0.68, 0.68]
		},
		"firstperson_lefthand": {
			"rotation": [-90, 90, 100],
			"translation": [2.38, 2.2, -1.37],
			"scale": [0.68, 0.68, 0.68]
		},
		"ground": {
			"rotation": [0, 0, -45],
			"translation": [-1.75, 4.75, 0],
			"scale": [0.5, 0.5, 0.5]
		},
		"gui": {
			"rotation": [16, 148, 0],
			"translation": [1.75, -0.75, 0],
			"scale": [0.75, 0.75, 0.75]
		},
		"head": {
			"rotation": [0, -90, 0],
			"translation": [0, 4.5, -4.5]
		},
		"fixed": {
			"rotation": [0, -180, -43],
			"translation": [4, 1.25, -1.5]
		}
	}
}