{
    "type": "minecraft:crafting_shaped",
    "pattern": [
        "iCi",
        "IPI",
        "IRI"
    ],
    "key": {
        "i": {
            "item": "minecraft:iron_ingot"
        },
        "C": {
            "item": "minecraft:copper_block"
        },
        "I": {
            "item": "minecraft:iron_nugget"
        },
        "P": {
            "item": "minecraft:piston"
        },
        "R": {
            "item": "minecraft:redstone"
        }
    },
    "result": {
        "item": "minecraft:knowledge_book",
        "count": 1
    }
}