{
    "type": "minecraft:crafting_shaped",
    "pattern": [
        " # ",
        "iHi",
        "iRi"
    ],
    "key": {
        "#": {
            "item": "minecraft:golden_apple"
        },
        "i": {
            "item": "minecraft:iron_ingot"
        },
        "H": {
            "item": "minecraft:honey_block"
        },
        "R": {
            "item": "minecraft:redstone"
        }
    },
    "result": {
        "item": "minecraft:knowledge_book",
        "count": 1
    }
}