{
  "display": {
    "icon": {
      "item": "minecraft:netherite_scrap"
    },
    "title": "Серьёзно..?",
    "description": "Ты реально сделал все незеритовые вещи..?",
    "frame": "challenge",
    "show_toast": true,
    "announce_to_chat": true,
    "hidden": true
  },
  "parent": "abubachir:adv/root",
  "criteria": {
    "afun": {
      "trigger": "minecraft:inventory_changed",
      "conditions": {
        "items": [
          {
            "items": [
              "minecraft:netherite_sword"
            ]
          },
          {
            "items": [
              "minecraft:netherite_axe"
            ],
            "count": 1
          },
          {
            "items": [
              "minecraft:netherite_boots"
            ],
            "count": 1
          },
          {
            "items": [
              "minecraft:netherite_helmet"
            ],
            "count": 1
          },
          {
            "items": [
              "minecraft:netherite_chestplate"
            ],
            "count": 1
          },
          {
            "items": [
              "minecraft:netherite_leggings"
            ]
          },
          {
            "items": [
              "minecraft:netherite_pickaxe"
            ]
          },
          {
            "items": [
              "minecraft:netherite_shovel"
            ],
            "count": 1
          },
          {
            "items": [
              "minecraft:netherite_hoe"
            ],
            "count": 1
          }
        ]
      }
    }
  }
}
